SHOTNUMBER,Unnamed: 0,LFID,TIME,GLON,GLAT,ZG,HLON,HLAT,ZH,TLON,TLAT,ZT,RH10,RH15,RH20,RH25,RH30,RH35,RH40,RH45,RH50,RH55,RH60,RH65,RH70,RH75,RH80,RH85,RH90,RH95,RH96,RH97,RH98,RH99,RH100,AZIMUTH,INCIDENTANGLE,RANGE,COMPLEXITY,CHANNEL_L1B,CHANNEL_ZG,CHANNEL_RH,Z1023,ZO,heigth,zstretch,zmin,zmax,zstretch_ground,index,0,1,2,3,4,5,6,7,8,9,10,11,12,13,14,15,16,17,18,19,20,21,22,23,24,25,26,27,28,29,30,31,32,33,34,35,36,37,38,39,40,41,42,43,44,45,46,47,48,49,50,51,52,53,54,55,56,57,58,59,60,61,62,63,64,65,66,67,68,69,70,71,72,73,74,75,76,77,78,79,80,81,82,83,84,85,86,87,88,89,90,91,92,93,94,95,96,97,98,99,100,101,102,103,104,105,106,107,108,109,110,111,112,113,114,115,116,117,118,119,120,121,122,123,124,125,126,127,128,129,130,131,132,133,134,135,136,137,138,139,140,141,142,143,144,145,146,147,148,149,150,151,152,153,154,155,156,157,158,159,160,161,162,163,164,165,166,167,168,169,170,171,172,173,174,175,176,177,178,179,180,181,182,183,184,185,186,187,188,189,190,191,192,193,194,195,196,197,198,199,200,201,202,203,204,205,206,207,208,209,210,211,212,213,214,215,216,217,218,219,220,221,222,223,224,225,226,227,228,229,230,231,232,233,234,235,236,237,238,239,240,241,242,243,244,245,246,247,248,249,250,251,252,253,254,255,256,257,258,259,260,261,262,263,264,265,266,267,268,269,270,271,272,273,274,275,276,277,278,279,280,281,282,283,284,285,286,287,288,289,290,291,292,293,294,295,296,297,298,299,300,301,302,303,304,305,306,307,308,309,310,311,312,313,314,315,316,317,318,319,320,321,322,323,324,325,326,327,328,329,330,331,332,333,334,335,336,337,338,339,340,341,342,343,344,345,346,347,348,349,350,351,352,353,354,355,356,357,358,359,360,361,362,363,364,365,366,367,368,369,370,371,372,373,374,375,376,377,378,379,380,381,382,383,384,385,386,387,388,389,390,391,392,393,394,395,396,397,398,399,400,401,402,403,404,405,406,407,408,409,410,411,412,413,414,415,416,417,418,419,420,421,422,423,424,425,426,427,428,429,430,431,432,433,434,435,436,437,438,439,440,441,442,443,444,445,446,447,448,449,450,451,452,453,454,455,456,457,458,459,460,461,462,463,464,465,466,467,468,469,470,471,472,473,474,475,476,477,478,479,480,481,482,483,484,485,486,487,488,489,490,491,492,493,494,495,496,497,498,499,500,501,502,503,504,505,506,507,508,509,510,511,512,513,514,515,516,517,518,519,520,521,522,523,524,525,526,527,528,529,530,531,532,533,534,535,536,537,538,539,540,541,542,543,544,545,546,547,548,549,550,551,552,553,554,555,556,557,558,559,560,561,562,563,564,565,566,567,568,569,570,571,572,573,574,575,576,577,578,579,580,581,582,583,584,585,586,587,588,589,590,591,592,593,594,595,596,597,598,599,600,601,602,603,604,605,606,607,608,609,610,611,612,613,614,615,616,617,618,619,620,621,622,623,624,625,626,627,628,629,630,631,632,633,634,635,636,637,638,639,640,641,642,643,644,645,646,647,648,649,650,651,652,653,654,655,656,657,658,659,660,661,662,663,664,665,666,667,668,669,670,671,672,673,674,675,676,677,678,679,680,681,682,683,684,685,686,687,688,689,690,691,692,693,694,695,696,697,698,699,700,701,702,703,704,705,706,707,708,709,710,711,712,713,714,715,716,717,718,719,720,721,722,723,724,725,726,727,728,729,730,731,732,733,734,735,736,737,738,739,740,741,742,743,744,745,746,747,748,749,750,751,752,753,754,755,756,757,758,759,760,761,762,763,764,765,766,767,768,769,770,771,772,773,774,775,776,777,778,779,780,781,782,783,784,785,786,787,788,789,790,791,792,793,794,795,796,797,798,799,800,801,802,803,804,805,806,807,808,809,810,811,812,813,814,815,816,817,818,819,820,821,822,823,824,825,826,827,828,829,830,831,832,833,834,835,836,837,838,839,840,841,842,843,844,845,846,847,848,849,850,851,852,853,854,855,856,857,858,859,860,861,862,863,864,865,866,867,868,869,870,871,872,873,874,875,876,877,878,879,880,881,882,883,884,885,886,887,888,889,890,891,892,893,894,895,896,897,898,899,900,901,902,903,904,905,906,907,908,909,910,911,912,913,914,915,916,917,918,919,920,921,922,923,924,925,926,927,928,929,930,931,932,933,934,935,936,937,938,939,940,941,942,943,944,945,946,947,948,949,950,951,952,953,954,955,956,957,958,959,960,961,962,963,964,965,966,967,968,969,970,971,972,973,974,975,976,977,978,979,980,981,982,983,984,985,986,987,988,989,990,991,992,993,994,995,996,997,998,999,1000,1001,1002,1003,1004,1005,1006,1007,1008,1009,1010,1011,1012,1013,1014,1015,1016,1017,1018,1019,1020,1021,1022,1023
9295084,0,1657455139,45612.47,9.495729,0.574708,12.91,-999,-999,-999,9.49573,0.57471,17.32,-1.87,-1.5,-1.12,-0.9,-0.68,-0.45,-0.23,0,0.22,0.45,0.67,0.9,1.2,1.42,1.72,2.02,2.47,2.99,3.14,3.29,3.51,3.81,4.41,188.78,3.329,7728.8,-999,1,1,1,113.844574,113.844574,0,113.844574,-5.068333333,18.38611111,100.934574,0,66,66,66,66,67,67,66,66,66,66,69,66,63,63,63,65,66,66,67,65,63,62,63,63,65,62,65,66,63,63,63,66,66,70,68,67,66,67,65,67,63,67,68,67,67,67,66,66,66,67,67,66,66,65,65,65,65,65,62,66,66,68,66,63,65,66,66,65,65,67,67,67,66,63,63,63,63,66,66,63,62,63,65,66,67,66,66,66,66,66,66,63,63,63,63,63,63,65,66,65,63,65,63,63,62,65,63,62,63,65,66,63,63,63,63,62,62,65,65,63,63,63,63,63,61,63,63,66,63,65,63,63,63,65,65,65,65,66,68,67,67,66,66,66,66,65,63,65,63,67,66,66,65,66,67,65,63,66,67,67,66,66,65,65,63,65,66,66,65,66,63,62,63,65,63,63,63,66,66,66,65,66,68,67,67,67,67,67,67,65,63,65,63,63,66,66,68,68,67,68,66,66,67,67,65,63,62,63,62,63,66,65,66,67,66,63,65,63,66,65,63,63,63,65,63,68,65,63,62,66,66,65,63,63,66,65,65,65,68,69,68,66,65,65,65,66,63,63,63,65,66,66,63,62,63,66,65,65,65,66,65,67,67,66,66,66,65,63,63,62,66,66,66,65,63,63,63,65,63,63,62,63,63,63,62,63,63,63,63,63,63,63,63,63,65,63,63,63,63,67,66,66,65,66,65,65,65,63,63,65,63,63,63,65,63,63,63,66,65,63,66,67,66,63,62,63,65,66,66,63,63,63,63,63,63,65,68,67,67,66,65,65,66,63,62,63,66,63,63,65,66,67,65,66,66,67,66,65,63,63,63,66,65,65,66,63,63,63,63,63,63,63,63,65,63,62,63,66,65,63,63,65,66,63,65,66,66,66,65,66,66,66,63,66,65,63,63,63,63,66,67,67,67,66,63,63,65,65,63,63,66,66,65,66,67,66,63,65,65,66,66,65,63,63,63,63,66,66,65,65,65,63,63,65,65,66,63,66,66,66,63,66,62,63,63,65,63,63,63,63,65,65,65,66,66,67,66,66,65,65,65,65,66,66,65,67,63,65,63,66,66,63,62,62,63,63,63,65,66,67,67,68,68,67,66,67,66,66,63,63,63,63,63,65,66,66,66,66,67,65,63,65,66,66,65,66,67,69,68,68,68,66,65,65,63,66,65,66,66,67,66,66,65,63,65,66,66,65,63,62,63,66,67,66,65,65,66,66,65,64,63,65,63,63,63,65,66,68,65,66,66,66,65,66,65,63,63,66,67,66,63,63,63,66,65,66,65,66,66,66,65,63,63,62,62,63,63,63,63,63,63,63,63,63,63,63,63,66,63,66,66,65,63,63,63,63,62,68,66,66,63,63,65,63,65,63,63,63,63,63,63,62,62,63,63,63,63,65,66,65,65,65,66,66,67,67,66,66,63,65,62,66,65,65,65,65,63,63,66,65,65,66,68,69,70,74,77,82,88,95,104,116,126,139,149,165,185,210,232,249,266,286,303,323,337,344,346,347,353,362,366,371,378,394,410,418,423,428,425,409,377,340,307,276,248,218,195,172,158,141,131,120,112,107,102,95,88,86,84,80,78,78,78,78,76,74,73,73,71,73,70,68,69,70,69,70,68,70,70,70,67,67,68,68,67,67,67,67,65,68,68,66,66,66,67,67,67,67,68,66,62,65,63,63,62,63,63,62,63,63,63,63,63,63,65,63,66,65,66,65,63,65,63,63,63,63,63,66,65,65,65,67,66,65,63,65,63,63,67,66,66,66,66,65,63,63,65,63,63,63,63,63,63,65,63,65,62,66,65,66,66,67,66,63,63,63,63,63,63,61,63,65,65,65,63,63,65,66,66,63,63,63,63,63,62,65,65,63,63,63,66,67,67,66,66,66,63,63,63,64,63,63,63,63,63,63,65,63,65,65,63,65,62,66,63,62,63,65,65,66,63,63,63,63,63,65,67,67,67,67,67,66,67,66,63,63,62,63,65,63,62,66,66,65,65,66,66,66,66,67,66,68,68,69,66,63,63,63,63,65,63,65,63,63,63,63,63,65,66,66,66,63,61,62,62,63,63,63,63,63,62,63,65,65,62,65,66,66,63,65,66,65,63,63,63,66,63,63,63,63,63,63,66,66,66,66,65,63,63,65,63,66,65,63,66,63,65,65,63,63,63,66,66,65,65,66,63,63,63,65,63,62,63,66,63,63,65,63,65,66,63,63,63,63,63,66,66,65,65,66,65,65,63,63,63,63,63,66,66,66,63,65,63,65,65,66,68,66,63,65,65,65,63,63,65,66,66,67,63,63,63,67,67,66
9295085,1,1657455139,45612.471,9.495728,0.574614,13.11,-999,-999,-999,9.495728,0.574616,17.52,-2.1,-1.65,-1.35,-1.05,-0.83,-0.53,-0.3,-0.08,0.07,0.3,0.6,0.82,1.04,1.34,1.57,1.94,2.32,2.84,2.99,3.21,3.44,3.74,4.41,188.59,3.406,7729.4,-999,1,1,1,113.736496,113.736496,0,113.736496,-5.37,18.61,100.626496,1,66,65,65,63,63,65,63,63,63,63,65,65,63,63,63,66,66,66,65,63,61,63,63,63,62,62,63,66,62,66,66,66,63,63,65,63,63,63,63,63,63,66,63,65,63,63,65,65,63,65,66,63,63,63,63,65,63,65,65,63,63,65,66,67,63,66,63,66,66,66,67,66,63,65,65,65,65,65,63,63,62,65,63,63,62,63,63,65,65,63,66,66,65,66,66,65,63,66,66,67,66,67,66,66,65,63,62,63,63,63,63,63,65,65,65,66,65,67,67,66,63,62,66,66,66,63,63,63,63,66,67,66,65,63,63,63,63,63,63,65,63,63,63,63,63,64,65,63,63,65,63,63,62,63,63,63,63,63,66,67,63,63,63,65,67,67,66,63,63,66,63,63,63,65,65,65,62,63,65,67,66,66,66,63,63,63,63,63,63,63,63,63,63,63,63,63,63,66,63,63,63,63,63,63,63,63,66,66,66,65,63,63,63,63,63,63,65,66,66,65,65,63,63,65,66,67,66,65,63,66,66,67,69,69,66,63,63,63,63,62,63,65,66,66,62,63,65,63,63,65,66,68,67,65,63,65,65,67,66,65,63,63,65,64,63,63,63,63,63,66,65,63,63,65,66,66,65,63,63,63,63,63,65,68,65,66,66,66,66,66,66,65,63,63,65,66,63,63,63,63,63,65,65,65,63,65,65,66,62,63,65,67,66,67,66,65,63,63,66,67,66,67,66,66,66,65,63,64,63,63,63,63,63,65,63,63,63,66,63,63,65,65,66,66,65,66,65,63,63,62,63,65,65,66,63,63,63,65,65,63,63,63,63,63,63,66,65,63,62,63,65,63,62,65,65,66,65,63,63,63,63,67,68,65,66,65,63,65,63,65,65,63,63,65,65,63,63,63,66,65,63,63,63,65,65,65,66,66,66,66,66,65,63,63,63,65,65,66,67,65,66,66,65,63,63,65,63,63,62,63,65,67,66,65,63,65,66,66,63,62,63,65,67,68,67,67,65,63,63,66,66,65,63,63,63,62,65,66,67,65,63,65,66,63,62,63,63,63,62,63,63,65,63,65,63,62,65,66,65,66,65,67,66,65,63,63,63,63,65,65,66,66,63,65,63,62,63,62,63,63,62,62,62,63,63,63,63,65,65,63,65,63,63,63,66,65,66,67,66,63,65,63,62,63,63,63,62,62,61,63,62,62,63,63,63,65,63,66,65,62,63,63,63,63,65,63,63,65,62,63,63,66,63,63,62,65,63,63,63,65,63,66,66,66,66,66,66,65,66,66,63,65,63,63,63,65,65,66,66,65,63,65,63,63,63,65,65,63,63,65,66,66,66,68,68,68,66,65,65,63,65,65,62,65,65,65,68,67,63,66,63,63,63,63,63,63,63,63,63,65,63,65,62,63,62,63,63,63,63,65,65,66,65,66,65,66,63,65,65,67,68,69,69,70,74,78,80,84,89,98,111,124,139,156,176,193,211,232,252,273,296,319,334,345,356,367,373,376,380,384,384,388,399,412,421,424,424,425,410,382,345,306,271,245,220,201,181,163,145,131,122,112,103,99,96,92,89,85,83,80,78,78,77,74,71,72,74,73,73,73,71,70,68,68,66,67,67,69,69,67,68,67,68,67,66,63,63,66,65,67,67,67,65,66,66,66,65,66,66,68,67,67,66,66,63,66,66,67,68,67,65,66,66,65,65,63,63,63,63,66,63,65,63,63,63,66,66,66,66,68,67,67,65,65,62,63,63,63,63,63,63,63,63,63,62,63,62,63,63,63,63,65,63,66,63,66,66,63,63,65,63,63,63,65,63,63,63,63,62,63,63,66,65,66,65,63,63,63,63,63,63,63,63,63,63,65,63,65,65,67,65,63,62,63,63,63,65,66,66,66,66,66,66,65,63,65,63,65,62,63,62,62,63,65,66,63,63,62,62,63,61,62,63,63,63,63,63,63,62,63,63,63,63,63,63,63,65,63,65,66,65,65,63,65,65,66,63,63,65,65,62,63,63,63,63,63,62,63,62,63,65,62,65,63,65,65,66,65,63,63,63,62,63,63,62,63,63,66,65,65,65,66,63,63,62,63,66,63,62,62,63,63,63,62,63,65,65,63,63,63,63,63,63,63,63,63,65,63,63,65,65,66,65,63,63,63,63,63,63,63,63,63,62,63,63,63,63,63,63,63,63,62,63,63,63,63,62,63,63,63,66,66,65,63,65,65,64,63,65,65,62,63,63,63,63,63,63,63,63,62,61,62,62,62,62,62,62,63,62,62,63,62,63,63,66,65,63,63,65,63,63,62,62,63
9295086,2,1657455139,45612.472,9.495726,0.574518,12.87,-999,-999,-999,9.495726,0.574521,18.33,-1.87,-1.42,-1.12,-0.82,-0.52,-0.3,-0.07,0.15,0.45,0.68,0.9,1.2,1.5,1.8,2.17,2.55,3,3.67,3.82,4.04,4.34,4.72,5.46,188.41,3.483,7730.61,-999,1,1,1,113.793884,113.793884,0,113.793884,-5.236666667,19.45222222,100.923884,2,69,69,67,66,66,62,67,67,66,66,63,63,63,63,66,66,67,68,66,64,63,63,63,63,65,65,66,65,63,67,68,66,67,62,65,63,65,65,66,66,66,67,67,66,65,65,62,65,66,67,65,65,63,66,63,66,65,63,63,63,66,67,68,66,65,65,66,65,66,66,66,66,66,67,65,63,65,67,67,63,63,65,66,66,62,63,64,66,63,66,66,65,65,65,63,65,66,65,65,63,66,63,63,65,63,62,63,65,63,61,62,62,66,66,66,65,63,65,66,66,63,63,66,66,66,66,66,66,65,63,63,62,60,62,61,63,63,63,65,63,65,66,65,66,65,67,67,66,63,65,63,63,65,63,66,67,67,66,66,67,65,66,62,65,63,63,63,63,61,63,66,66,67,65,63,63,65,63,67,68,67,66,65,63,65,66,65,67,65,65,63,63,65,67,68,68,63,65,65,63,61,63,63,63,66,66,66,63,65,63,63,63,63,66,65,63,65,66,63,63,65,68,66,66,65,65,63,65,63,63,63,63,63,63,63,63,62,63,63,65,65,66,66,63,62,63,63,65,66,68,66,67,65,63,63,63,63,62,63,63,63,67,63,63,65,62,63,63,63,65,65,63,63,63,66,66,65,63,62,63,63,65,62,63,63,66,65,62,62,63,63,65,63,65,66,66,63,63,65,63,63,63,65,63,63,63,62,60,61,63,63,65,65,66,66,66,68,67,65,63,65,63,63,62,61,62,63,62,63,65,65,63,63,63,65,63,63,66,63,65,63,63,63,63,64,66,65,63,65,63,66,67,67,67,66,63,63,63,63,65,63,63,63,63,65,65,64,63,61,63,62,63,63,62,63,63,66,66,67,67,63,63,63,63,63,63,63,63,63,63,62,63,66,66,65,63,63,65,63,63,63,63,66,65,65,63,63,62,63,65,63,63,63,65,66,67,66,66,66,66,65,66,66,65,65,66,65,66,65,66,65,63,62,63,65,66,66,68,67,67,67,63,63,66,63,66,63,63,63,63,65,65,63,66,66,66,65,66,63,65,63,63,65,65,65,67,65,63,65,67,66,67,66,63,62,63,65,67,65,65,65,66,63,63,62,62,63,63,63,63,63,66,65,65,63,63,63,63,66,63,63,63,66,65,63,62,62,63,63,65,65,65,63,63,63,62,63,66,67,67,65,63,63,62,62,63,63,63,62,63,66,65,63,65,63,66,65,67,66,66,65,65,63,62,63,66,67,65,65,65,63,63,63,65,66,65,63,66,66,65,63,63,66,66,63,65,63,63,65,65,65,63,65,65,65,66,66,67,66,66,66,67,67,66,63,65,63,63,63,63,65,65,65,65,63,63,63,63,62,63,63,65,65,66,66,66,65,65,62,63,62,64,63,66,66,66,65,66,65,65,63,63,63,63,63,63,66,66,65,63,63,63,62,63,66,67,68,70,71,73,75,79,82,87,92,98,106,111,116,122,134,146,159,175,188,203,214,225,243,258,269,282,287,292,298,302,299,296,301,309,322,335,347,361,377,389,396,391,375,352,329,306,280,250,219,197,177,160,145,134,124,116,111,106,102,97,91,89,87,83,80,79,76,73,72,73,71,70,69,70,70,69,67,69,69,70,70,70,66,66,68,68,68,68,67,67,68,67,67,66,67,68,66,65,63,62,63,65,63,65,63,63,63,66,66,66,66,66,65,66,66,65,65,63,63,63,65,67,65,63,63,62,63,63,63,65,65,66,66,65,66,63,65,65,63,66,66,63,63,66,65,65,62,65,63,65,62,63,63,63,63,65,63,65,65,63,63,65,65,64,63,63,63,63,63,63,63,62,62,62,61,59,60,61,61,62,62,65,65,63,62,63,63,63,63,63,62,62,63,63,66,65,66,66,63,63,63,65,66,66,63,65,63,66,65,62,62,62,62,63,63,65,62,63,63,63,63,65,65,63,63,62,65,65,63,63,63,66,63,63,65,63,63,63,65,65,63,63,63,63,63,65,63,63,63,62,62,62,63,63,65,66,66,62,63,63,62,63,63,63,63,63,62,63,63,65,63,63,65,68,66,62,61,63,62,62,62,62,62,63,65,63,63,63,63,63,63,64,62,63,63,63,63,66,65,66,65,66,66,66,66,65,63,63,63,63,63,63,65,65,67,66,63,62,62,63,63,63,63,63,63,63,63,63,63,65,63,66,65,66,63,65,65,65,63,63,63,63,63,66,63,65,65,63,63,65,65,66,65,65,66,66,66,66,67,66,63,63,62,62,63,63,65,65,66,65,63,62,63,63,65,63,63,65,66,65,63,65,67,66,63,65,63,63
9295087,3,1657455139,45612.473,9.495724,0.574424,12.75,-999,-999,-999,9.495725,0.574427,18.06,-1.72,-1.27,-0.97,-0.67,-0.37,-0.15,0.08,0.37,0.6,0.9,1.12,1.42,1.72,2.02,2.39,2.69,3.14,3.67,3.89,4.04,4.26,4.64,5.31,188.23,3.56,7730.62,-999,1,1,1,113.73773,113.73773,0,113.73773,-5.016666667,19.15888889,100.98773,3,65,63,65,63,63,65,68,66,66,65,63,65,63,65,63,63,63,65,63,63,65,65,65,65,63,63,63,63,65,65,63,63,65,65,65,63,63,63,66,65,66,66,63,63,62,63,63,62,62,63,66,63,67,68,66,63,65,65,65,63,66,66,66,67,63,63,63,63,65,62,63,66,67,70,68,66,67,65,63,63,61,61,61,62,62,63,63,63,63,63,63,65,66,65,63,63,62,62,62,63,63,66,63,63,63,65,65,63,62,62,62,63,63,63,63,65,63,64,63,66,66,67,66,66,63,63,63,63,62,66,66,66,65,65,63,63,63,66,66,66,63,65,63,65,63,66,65,63,63,63,65,65,65,65,63,65,65,63,63,65,67,67,69,68,68,67,66,66,63,62,62,62,63,65,63,63,61,62,63,66,66,66,66,65,65,65,65,63,65,66,63,66,63,63,63,65,66,66,66,65,65,66,68,66,66,65,66,66,67,65,63,65,65,67,66,65,65,63,66,66,66,66,65,63,63,66,67,67,66,65,63,63,63,65,63,66,66,65,63,65,65,67,67,65,63,65,63,66,67,66,63,63,63,63,63,63,63,63,63,63,63,67,68,66,66,66,66,66,65,65,63,66,65,63,65,66,66,66,67,66,68,68,67,68,66,66,66,65,62,65,66,65,66,65,63,65,62,62,61,63,63,63,63,62,63,66,65,66,63,65,65,66,65,63,63,62,62,63,65,65,67,68,65,65,65,66,66,63,63,65,63,62,62,65,65,65,63,65,66,66,66,67,67,65,63,63,66,65,63,63,63,63,62,63,63,63,63,66,65,65,63,63,63,63,63,63,66,62,63,63,66,65,65,65,65,63,63,66,66,65,63,63,65,65,63,63,63,65,65,66,66,67,63,63,63,66,62,65,65,65,65,65,63,63,63,65,65,67,63,65,66,63,63,63,63,63,63,65,63,63,63,66,66,65,63,62,62,63,62,62,63,63,63,65,63,63,63,65,66,66,63,66,65,63,65,65,66,65,63,63,66,65,63,63,63,63,67,66,65,63,62,61,61,62,62,63,63,65,63,65,65,65,63,62,63,66,65,65,65,67,67,68,67,65,63,65,63,65,63,66,63,65,63,66,65,63,63,63,63,63,63,65,66,65,63,66,63,63,62,65,65,66,63,63,63,63,63,64,65,63,63,63,62,63,62,63,65,63,63,63,63,65,67,68,66,65,63,66,66,65,65,66,66,66,66,65,66,66,65,66,65,65,66,66,67,66,65,66,65,66,63,65,65,65,63,65,66,65,63,63,63,63,63,67,66,65,63,63,65,65,63,65,65,66,66,67,67,66,63,63,63,65,63,66,65,65,63,63,62,65,63,65,63,63,63,65,66,63,63,63,63,68,63,63,63,63,62,65,62,63,63,65,63,63,65,65,65,63,63,63,63,63,63,63,66,65,67,68,70,70,70,73,77,79,81,88,94,105,118,130,144,160,177,194,211,227,243,257,269,274,275,278,280,281,283,281,278,274,269,270,279,296,317,334,348,362,372,371,358,337,314,287,259,233,209,188,167,150,135,123,114,106,98,92,89,88,84,82,80,79,78,78,75,72,71,70,71,71,71,71,66,66,66,66,67,66,65,67,68,68,68,68,68,68,66,63,65,66,67,67,66,68,67,65,66,66,66,67,67,66,67,68,68,67,63,62,63,67,68,67,66,66,65,65,65,65,65,67,65,63,63,62,63,66,66,66,66,65,65,66,65,66,64,65,63,63,62,63,65,67,67,67,66,68,65,63,63,63,63,65,63,63,62,63,63,63,66,67,65,63,63,65,66,66,63,67,66,65,65,63,65,63,66,66,63,63,65,65,66,65,63,63,66,63,63,63,65,66,66,66,66,63,62,63,66,66,67,66,66,63,63,62,65,63,62,63,63,63,62,63,63,66,68,69,67,66,66,66,66,66,65,65,65,67,68,68,66,67,63,62,65,63,63,63,63,65,65,65,63,63,65,65,63,63,63,62,63,63,63,65,65,66,63,63,65,65,65,63,65,63,66,66,66,63,63,63,63,66,65,66,66,65,63,61,62,62,62,63,66,66,66,65,65,63,63,65,63,65,65,66,66,66,66,68,66,66,65,63,63,63,62,63,65,65,62,65,63,67,66,66,66,66,65,66,67,66,65,66,67,66,65,65,63,66,65,66,63,62,62,65,65,62,65,63,63,66,65,63,63,63,63,63,66,66,65,62,63,63,62,63,63,63,65,65,66,66,65,65,63,65,66,65,63,62,62,62,62,63,63,65,65,65,65,62,66,66,63,65,63,65,63,66,65,63
9295088,4,1657455139,45612.474,9.495723,0.574329,12.73,-999,-999,-999,9.495723,0.574332,18.27,-1.87,-1.42,-1.04,-0.75,-0.45,-0.22,0,0.3,0.53,0.82,1.12,1.42,1.72,2.1,2.47,2.92,3.37,4.04,4.19,4.34,4.64,4.94,5.54,188.06,3.637,7730.63,-999,1,1,1,114.45872,114.45872,0,114.45872,-5.226666667,19.38888889,101.72872,4,66,63,62,66,65,63,63,63,63,63,63,66,66,67,67,63,65,66,63,65,63,63,63,63,65,65,63,66,63,65,65,66,66,66,63,63,63,63,66,65,63,66,66,66,66,65,65,66,65,66,66,65,63,63,63,66,63,65,63,65,63,65,66,66,67,68,66,67,65,67,67,66,63,63,63,66,63,63,66,67,65,65,63,63,63,63,65,65,63,67,66,66,65,63,63,63,63,65,65,63,63,63,63,63,63,63,63,65,63,63,62,63,63,65,63,63,65,66,66,63,65,65,66,66,66,66,67,66,62,63,65,66,63,63,65,65,65,62,63,66,63,63,63,65,63,65,63,63,63,63,65,65,61,61,61,63,62,62,62,63,63,65,63,63,63,63,65,65,63,67,66,63,62,63,63,63,65,66,63,66,63,63,62,63,62,66,68,67,66,66,66,68,65,63,63,62,60,61,63,63,63,63,66,63,63,63,63,63,63,65,63,63,63,65,65,63,63,63,62,62,63,65,65,63,62,63,65,63,63,63,63,63,63,66,66,63,63,63,65,63,63,65,63,63,65,65,63,63,63,66,67,66,65,63,63,63,63,65,66,64,65,63,63,63,65,66,67,64,63,63,63,66,66,68,66,67,66,66,66,63,63,62,62,62,63,65,65,63,62,63,63,63,63,63,63,63,62,63,63,63,65,65,66,65,66,66,66,65,63,63,65,63,65,63,65,65,66,66,66,66,63,63,63,63,63,63,63,65,62,63,66,67,63,62,62,62,63,66,66,65,63,65,64,63,63,66,66,66,63,66,66,65,63,63,63,63,63,63,65,65,63,63,63,65,65,67,68,66,63,65,65,65,65,65,66,68,65,66,65,63,62,63,62,63,65,65,66,65,65,66,63,63,63,63,63,63,63,63,65,63,63,63,63,62,61,63,63,63,65,63,66,65,65,65,63,63,63,65,65,62,63,65,63,63,63,63,63,65,63,63,63,63,63,63,63,63,62,63,65,65,63,66,66,63,63,65,63,63,63,65,63,65,65,65,63,66,63,63,65,66,63,65,63,63,65,62,65,66,64,63,63,63,63,63,63,63,63,65,65,65,63,66,65,65,66,66,63,63,63,63,62,63,63,67,63,63,63,63,63,63,62,63,63,63,63,65,63,65,62,63,63,62,63,65,63,63,63,62,62,62,63,63,65,66,63,63,62,62,62,62,65,66,65,63,63,63,63,67,66,65,63,63,63,62,62,62,63,63,63,63,63,63,65,68,67,66,63,63,63,63,63,63,63,63,63,62,62,62,63,65,63,65,66,68,69,67,66,68,68,66,65,66,65,63,63,63,63,66,66,65,63,63,63,65,65,65,63,63,65,65,62,65,63,63,63,66,66,66,63,65,63,63,63,62,63,63,61,62,65,63,63,63,63,66,66,68,67,67,63,66,63,63,63,65,66,63,63,63,63,65,67,70,72,72,71,74,78,82,86,92,98,106,113,120,128,136,144,151,157,165,172,181,187,188,189,189,191,196,199,199,198,196,198,202,206,214,227,247,266,279,287,287,282,274,258,242,218,199,181,167,154,139,128,118,109,102,95,91,90,86,82,82,79,78,75,72,72,73,72,74,71,71,71,70,71,69,70,71,69,70,70,68,67,67,67,66,63,63,63,63,66,68,65,67,68,66,66,67,66,68,67,67,66,62,63,66,68,66,66,65,65,65,65,63,63,63,63,65,63,63,63,65,65,66,62,63,65,63,63,63,63,66,63,63,60,59,61,62,63,63,65,66,67,66,65,65,63,62,62,62,63,63,61,61,62,62,63,65,63,66,65,67,65,63,62,62,65,65,65,63,63,63,66,66,65,63,63,66,66,66,63,63,63,61,61,62,66,65,63,63,63,63,63,63,66,65,65,67,65,63,63,63,63,65,66,66,63,63,63,63,62,65,65,66,66,65,63,63,66,66,67,68,68,66,63,63,63,65,63,63,63,62,62,63,63,63,66,66,66,63,61,63,62,62,59,62,62,63,63,63,63,65,65,65,65,66,65,66,66,63,65,65,62,62,63,65,63,63,60,61,61,62,62,63,63,63,62,63,63,62,62,61,61,63,63,63,63,63,63,62,62,62,63,65,65,63,62,62,63,65,63,66,65,66,65,62,61,62,63,63,63,63,63,63,62,62,63,65,65,63,62,65,63,63,63,62,63,66,65,65,62,62,63,63,63,65,63,63,63,62,63,62,63,66,63,66,65,65,63,63,63,63,63,62,63,63,62,63,63,63,63,62,66,66,66,66,63,63,62,62,63,63,63,63,63,63,63,65,66,66,63,63,62,63
9295092,5,1657455139,45612.478,9.495718,0.573949,12.49,-999,-999,-999,9.495718,0.573953,17.65,-1.65,-1.2,-0.9,-0.6,-0.38,-0.15,0.15,0.37,0.6,0.9,1.19,1.49,1.79,2.09,2.47,2.84,3.21,3.81,3.96,4.11,4.33,4.63,5.16,187.43,3.944,7733.66,-999,1,1,1,113.95439,113.95439,1.42E-14,113.95439,-4.866666667,18.72222222,101.46439,5,63,65,66,66,66,65,66,63,63,65,63,65,63,63,63,63,63,63,65,63,63,63,63,63,63,64,62,65,63,63,61,62,63,63,63,63,63,63,63,63,63,63,63,63,63,65,63,65,65,63,66,66,67,66,66,65,65,63,63,63,63,62,62,63,63,65,63,62,62,63,63,63,62,63,63,63,65,63,63,63,62,63,66,66,65,65,66,63,63,63,62,62,63,63,63,65,63,65,66,63,63,63,63,63,62,63,65,65,65,63,63,66,65,66,67,66,63,63,63,65,65,65,66,65,63,65,63,63,65,67,67,66,63,65,65,65,62,63,63,66,62,68,66,66,66,66,66,62,63,63,65,63,62,65,63,65,62,63,62,62,63,65,63,62,62,62,62,63,63,63,62,63,63,66,67,63,62,66,63,63,63,63,63,63,67,66,65,65,63,63,65,66,65,65,63,66,66,67,66,66,65,63,63,63,63,67,65,66,68,69,68,68,66,63,63,63,62,63,63,63,63,66,68,66,63,66,65,68,66,66,63,66,65,65,63,65,63,66,66,66,66,63,62,62,63,63,63,63,63,63,65,66,66,63,67,66,66,67,66,66,65,66,67,66,65,67,67,67,66,65,62,63,63,66,63,65,65,66,63,65,63,65,65,66,65,63,63,66,65,66,66,66,66,67,66,66,66,66,66,66,66,67,66,66,65,66,67,66,66,66,66,67,66,65,65,63,65,63,63,65,66,66,63,65,62,66,66,67,63,63,65,66,65,67,68,67,63,65,65,63,63,63,63,66,66,67,65,66,66,67,67,66,62,63,63,67,66,65,65,66,63,65,65,63,66,66,66,65,65,66,66,63,62,63,63,63,63,67,66,66,63,65,65,63,66,63,65,63,63,66,66,66,63,63,63,66,65,65,67,67,65,66,66,66,63,65,65,66,65,67,66,66,63,63,65,66,66,68,68,66,68,68,66,67,65,65,65,66,63,63,63,62,63,66,66,66,65,63,62,63,66,66,65,62,63,63,65,63,63,63,63,63,63,65,66,63,63,65,65,66,66,66,63,66,66,66,66,66,65,65,63,63,63,65,65,63,63,66,63,65,65,66,63,65,67,67,67,67,63,63,63,65,62,66,66,65,63,63,63,63,63,63,63,63,63,63,63,63,63,63,65,63,63,63,63,62,63,63,63,65,63,65,63,65,63,63,62,63,62,62,62,63,62,62,62,63,62,63,66,66,62,66,63,63,63,65,63,66,66,66,65,65,63,63,65,63,62,63,65,66,63,65,65,63,62,65,66,66,63,65,63,65,65,63,63,62,62,63,63,63,66,65,63,63,65,67,67,66,65,65,66,66,66,66,66,63,63,66,65,67,66,68,66,65,63,62,63,63,63,66,65,63,63,66,63,65,66,67,67,66,66,66,66,63,63,63,63,65,63,63,63,65,66,68,66,66,66,66,67,66,66,68,68,69,71,76,80,84,88,100,112,123,134,152,166,178,191,203,214,226,241,252,256,253,249,245,244,241,236,238,242,247,253,266,282,302,325,347,362,367,365,351,333,309,276,247,218,196,176,157,141,131,122,117,107,97,87,86,83,82,79,77,77,75,74,72,73,73,70,71,71,71,68,70,68,67,69,69,69,66,65,66,66,68,67,67,66,63,66,66,67,66,66,66,66,65,62,63,63,63,67,66,67,66,66,68,68,68,67,66,63,65,66,65,65,65,62,63,63,63,63,66,68,68,66,67,67,66,65,66,65,63,62,66,65,65,63,65,65,63,63,63,63,62,63,63,63,63,62,65,66,68,66,66,63,62,63,63,65,65,66,63,63,62,62,63,63,63,62,63,63,66,63,63,63,63,63,65,66,66,62,63,63,62,63,62,63,66,68,66,65,65,65,65,65,63,63,65,66,66,65,66,66,63,63,62,62,63,63,63,66,66,63,65,65,63,63,63,63,63,62,63,66,67,65,66,65,63,63,62,63,63,63,63,63,65,63,63,65,66,66,66,66,63,63,63,65,63,63,65,67,65,63,65,63,63,63,65,66,65,65,66,65,65,63,65,63,64,62,62,63,63,63,62,66,63,63,63,62,65,63,65,66,66,66,65,63,63,62,66,66,63,63,63,66,66,66,63,65,65,63,65,66,67,65,66,63,63,65,66,66,67,67,66,65,63,63,63,62,63,63,65,66,66,66,65,67,66,65,65,63,63,65,66,67,67,66,65,66,65,65,65,66,68,67,65,65,65,65,67,63,66,67,67,66,63,63,65,63,63,66,65,66,65,65,67,66,65,63,63,63,63,62,63,63,63,65,66,66,63,63,63,63,63
9295093,6,1657455139,45612.479,9.495716,0.573854,12.58,-999,-999,-999,9.495717,0.573858,18.41,-1.64,-1.19,-0.89,-0.6,-0.37,-0.07,0.15,0.38,0.68,0.9,1.2,1.57,1.87,2.25,2.62,3.07,3.52,4.12,4.26,4.49,4.71,5.09,5.83,187.3,4.021,7734.86,-999,1,1,1,113.29235,113.29235,0,113.29235,-4.981666667,19.52388889,100.71235,6,65,66,63,63,63,65,66,67,68,68,67,66,66,63,63,66,63,63,65,63,63,63,66,63,65,66,66,66,67,66,66,66,66,68,66,63,65,63,65,65,66,66,62,63,63,63,65,66,65,66,66,66,67,70,70,68,67,68,65,66,65,67,67,68,67,68,67,66,65,65,65,66,66,65,63,66,65,65,66,66,66,65,66,65,66,63,63,63,63,63,66,66,67,65,63,63,63,62,62,65,65,65,69,68,67,66,65,64,63,62,65,66,67,66,67,66,63,65,65,63,63,62,63,65,66,66,67,67,67,68,67,65,63,65,67,68,66,66,66,66,65,67,66,66,65,63,63,63,65,66,68,68,67,66,65,65,66,65,66,65,67,67,67,66,67,67,63,63,65,63,63,63,65,65,66,66,67,67,66,65,66,66,66,67,66,63,65,66,65,67,67,67,67,66,63,63,63,67,66,67,66,66,66,65,63,63,62,63,65,63,65,66,65,67,67,69,68,68,67,63,63,65,65,66,65,67,68,68,66,66,65,63,66,67,68,67,66,65,63,63,65,64,66,66,66,65,65,63,63,65,65,63,63,65,65,62,65,62,66,67,65,66,65,65,65,65,62,61,62,63,65,65,66,66,67,65,63,63,63,63,63,62,63,63,63,63,62,63,63,67,66,63,63,63,63,63,63,62,62,63,62,67,68,67,65,65,63,66,63,63,63,63,63,65,63,66,63,66,63,65,65,67,66,63,63,63,65,63,62,66,67,65,63,63,63,63,63,66,66,65,63,63,63,65,65,66,65,63,62,62,62,62,62,63,63,63,63,63,65,66,66,67,66,66,63,63,65,66,66,65,65,63,63,63,66,63,63,65,65,65,63,65,65,65,63,66,67,67,66,66,66,66,65,66,66,66,65,62,63,62,63,63,65,63,63,63,63,65,66,65,65,63,63,63,63,65,63,65,65,63,65,65,65,63,62,63,65,65,62,66,65,63,66,66,67,68,67,66,65,65,63,63,63,61,61,63,63,65,65,65,65,66,65,66,66,65,63,67,63,63,63,65,63,66,63,62,62,63,63,66,66,66,65,66,68,67,67,66,66,66,65,65,68,66,63,63,66,67,65,66,66,66,66,63,63,65,65,66,66,66,66,66,66,63,63,63,66,66,66,66,67,66,67,68,67,66,63,66,63,63,63,65,63,63,63,63,63,63,63,63,63,63,62,66,67,67,66,66,65,66,65,63,63,65,66,66,66,65,66,66,66,65,65,65,63,63,63,67,67,68,66,67,66,63,63,66,67,67,66,66,63,65,66,68,66,67,66,66,66,66,66,63,65,65,66,66,65,65,63,63,63,63,66,66,67,66,63,65,63,63,63,63,65,63,63,63,66,67,67,66,63,63,63,66,66,65,65,66,67,65,65,67,67,66,66,66,63,62,63,66,67,67,65,67,70,73,75,78,86,93,103,118,134,150,168,186,205,226,250,275,297,314,327,335,346,354,359,361,365,368,366,362,360,362,364,372,386,409,435,458,490,528,568,598,617,616,592,548,493,441,384,336,292,257,229,207,186,170,154,139,126,118,108,101,96,94,90,87,85,84,81,79,75,74,75,74,74,74,74,73,71,70,69,69,68,68,67,68,69,69,70,70,68,66,66,66,67,67,66,66,67,68,68,66,67,65,66,63,65,63,63,63,63,63,63,66,66,65,63,63,65,65,63,66,63,63,62,63,65,65,63,63,63,63,63,63,63,63,65,65,62,66,65,65,63,65,63,65,66,65,65,62,63,62,62,61,63,65,63,62,63,63,67,65,66,66,63,66,66,66,66,66,66,65,63,65,65,63,63,62,62,61,63,66,65,65,63,63,63,66,66,69,68,65,63,63,63,63,63,63,63,63,63,63,62,63,63,65,65,63,63,65,65,63,66,67,66,66,65,62,66,65,65,66,63,63,63,63,63,63,63,63,63,63,63,63,63,63,61,63,63,63,63,63,63,63,62,63,62,63,63,63,63,63,62,61,62,62,65,63,62,63,63,63,66,65,66,63,63,63,65,63,63,63,63,63,65,65,62,61,62,63,62,65,63,63,63,63,63,63,65,65,63,63,63,63,63,63,63,66,65,62,62,62,63,63,62,63,63,63,63,63,62,62,63,66,66,66,65,65,62,62,62,63,63,65,65,65,63,63,63,63,65,65,66,65,66,65,67,67,63,63,66,67,65,65,63,63,63,64,66,67,66,65,63,63,61,62,62,63,63,65,63,63,63,66,62,63,63,63,63,63,63,63,62,63,63,62,63,65,63,63,62,62,63,63,65,67,65,66,66,67,66,66
9295094,7,1657455139,45612.48,9.495715,0.573759,12.89,-999,-999,-999,9.495715,0.573763,18.42,-1.87,-1.42,-1.12,-0.82,-0.6,-0.37,-0.15,0.07,0.3,0.52,0.82,1.05,1.34,1.72,2.09,2.54,3.06,3.74,3.89,4.11,4.41,4.78,5.53,187.16,4.098,7735.47,-999,1,1,1,113.58883,113.58883,0,113.58883,-5.251666667,19.54722222,100.69883,7,66,67,66,66,65,63,63,67,68,69,66,66,67,66,62,63,63,62,65,66,63,66,66,65,63,63,65,65,65,68,68,68,66,67,67,66,69,67,66,63,63,66,63,65,63,63,65,66,65,65,65,63,67,66,63,66,66,67,65,65,63,65,63,65,63,63,63,65,66,67,67,67,65,65,68,68,65,67,67,66,65,63,63,65,65,66,65,63,63,63,66,63,63,62,63,63,65,65,63,63,62,65,65,66,65,66,66,66,67,67,68,67,66,66,66,66,62,65,63,63,63,63,63,62,63,63,63,63,63,63,65,65,63,63,63,63,63,65,63,64,63,63,66,66,66,66,63,63,66,63,63,65,65,63,63,63,63,66,63,63,63,63,63,63,60,63,63,65,62,63,63,63,63,66,65,63,63,65,66,65,63,62,63,66,66,65,66,66,65,67,65,63,62,63,63,63,62,62,62,63,63,65,63,63,63,65,66,67,65,63,63,63,63,63,63,63,62,65,63,63,63,62,62,62,62,63,61,61,62,66,66,65,63,63,65,65,63,62,65,65,63,65,63,65,63,65,63,65,67,67,66,66,68,66,63,62,63,63,62,63,66,68,67,68,65,63,63,63,66,66,66,66,65,65,65,63,65,65,66,66,65,66,66,63,63,63,63,63,63,63,63,63,63,63,63,63,63,63,66,66,66,63,65,65,66,66,65,66,65,66,66,66,66,66,65,63,65,66,65,65,65,65,66,66,63,63,63,63,63,62,62,65,65,66,66,65,63,66,65,65,66,66,67,67,66,63,63,63,65,66,62,65,66,67,67,66,63,63,65,63,63,63,63,67,68,67,65,63,62,63,63,63,63,66,65,63,63,63,63,66,62,66,66,66,65,67,65,63,63,65,66,63,65,66,66,65,65,66,63,67,66,67,66,65,67,68,66,65,65,66,66,66,63,65,67,63,66,63,63,66,67,68,68,68,66,63,63,63,63,66,65,63,63,63,63,64,63,63,63,63,63,66,66,66,66,66,65,66,63,65,63,63,65,63,63,63,62,63,65,63,63,63,62,65,65,65,66,65,63,62,63,63,65,65,65,66,63,63,66,67,68,68,66,63,63,65,66,66,65,66,65,65,63,66,62,63,65,67,67,66,63,65,65,65,65,66,65,65,63,65,63,63,65,63,63,63,66,63,66,63,63,63,63,63,63,66,66,66,67,66,66,66,67,67,65,62,63,63,65,63,65,63,63,63,65,67,63,62,60,62,63,63,63,63,62,63,65,66,63,63,62,63,65,65,66,67,66,66,63,62,63,65,63,63,62,63,63,63,63,63,62,65,66,67,66,63,63,63,63,63,66,67,66,66,66,67,68,68,68,66,62,62,62,63,63,64,63,63,63,63,62,63,63,63,63,63,63,62,66,65,63,65,66,67,67,67,63,62,62,66,66,66,65,67,67,69,69,73,76,80,84,90,99,107,117,130,146,162,178,194,207,221,229,241,251,258,266,273,283,295,305,318,331,347,365,384,404,421,444,467,491,513,535,551,560,564,556,537,507,470,432,390,342,298,257,228,205,181,162,145,135,124,116,110,105,100,95,92,90,89,86,84,81,77,75,74,74,75,73,73,73,71,68,69,67,66,66,68,68,68,67,68,68,67,67,69,69,70,68,68,69,67,63,66,67,67,63,63,63,66,66,67,66,65,63,63,66,63,63,63,63,63,63,65,66,63,63,66,66,66,65,66,66,66,63,63,63,63,63,65,63,63,63,63,63,63,65,63,65,65,63,63,65,63,62,63,66,66,63,63,62,66,63,63,63,65,65,66,68,67,66,67,67,69,66,66,66,66,66,66,63,62,66,66,63,63,62,63,62,63,66,62,62,62,62,63,63,63,63,65,67,69,69,68,66,63,63,63,63,63,65,65,65,62,63,65,66,65,61,63,66,66,63,65,63,66,67,68,66,63,63,66,65,63,65,65,65,66,63,65,65,65,65,66,65,65,65,66,67,66,63,63,63,63,63,63,63,63,63,65,63,62,63,63,65,66,63,65,65,66,66,65,63,63,63,66,67,67,66,65,63,63,65,67,66,66,65,65,63,63,62,62,62,60,63,63,63,63,62,62,62,62,63,65,65,65,63,63,63,63,63,63,63,65,65,65,65,63,63,67,68,67,63,63,63,63,63,63,66,63,62,61,63,63,62,63,65,66,65,66,63,63,63,63,63,61,62,62,62,63,63,63,63,65,65,65,63,62,62,62,63,65,65,63,63,63,63,63,63,62,62,63,63,63,63,67,63,63,63,63,63,63,63,63,63,63,65,63,63,62,62,62,63,63
9295095,8,1657455139,45612.481,9.495713,0.573664,13.04,-999,-999,-999,9.495713,0.573668,18.72,-1.87,-1.5,-1.2,-0.9,-0.68,-0.38,-0.15,0.07,0.3,0.52,0.75,1.04,1.27,1.57,1.94,2.39,2.91,3.74,3.96,4.18,4.48,4.93,5.68,187.03,4.176,7736.08,-999,1,1,1,114.10166,114.10166,-1.42E-14,114.10166,-5.301666667,19.86388889,101.06166,8,63,62,63,63,65,66,65,65,65,63,63,62,62,63,63,63,63,63,63,62,61,63,63,63,65,66,66,66,63,62,61,62,63,65,66,67,65,63,63,66,66,67,63,66,66,67,66,65,63,65,63,63,62,63,63,62,61,60,62,62,62,63,63,63,65,65,63,63,65,66,65,63,63,63,63,65,66,63,63,63,63,63,63,63,63,63,63,63,63,66,66,66,66,66,67,67,68,67,63,63,63,65,65,63,63,63,65,63,63,63,63,62,63,63,62,63,63,65,66,65,65,63,63,63,63,63,63,63,63,65,65,65,65,63,65,66,65,66,66,66,66,67,66,65,63,63,62,63,63,63,63,65,66,66,65,66,68,68,68,68,66,67,66,63,65,66,66,67,66,66,65,63,63,67,67,66,66,65,63,63,65,66,66,63,63,63,63,63,63,62,65,63,65,63,63,63,63,62,63,65,63,66,65,65,63,66,66,65,65,65,65,63,63,63,63,62,63,63,63,66,65,66,63,65,64,65,64,63,65,63,63,63,63,66,66,66,63,63,62,63,63,63,63,66,65,68,69,66,66,66,66,65,63,63,63,65,65,66,67,66,65,65,63,63,63,63,62,62,63,67,68,66,66,68,68,68,66,65,66,67,65,63,63,65,63,66,66,65,63,65,63,62,63,63,63,63,63,65,67,67,65,66,65,65,65,66,67,65,63,63,63,63,65,65,65,65,66,66,67,65,65,66,63,63,63,63,65,66,63,65,63,62,62,65,63,63,62,63,66,65,63,63,63,63,63,62,65,66,63,62,63,63,63,62,62,63,62,63,61,63,63,63,63,63,62,63,63,63,65,65,63,65,63,63,63,63,65,65,67,65,65,63,63,65,63,63,63,65,63,63,63,63,63,63,63,63,63,63,63,65,63,65,65,63,62,63,66,66,63,63,62,63,63,66,67,68,65,63,63,63,63,66,65,63,63,66,66,63,63,63,63,63,62,63,63,62,63,63,63,63,63,63,63,63,63,67,67,66,66,66,67,66,65,63,63,63,63,63,65,63,66,63,62,62,62,63,63,63,63,63,65,63,63,63,63,62,63,63,66,66,66,66,66,66,63,65,66,66,63,63,63,63,63,65,66,66,65,66,66,67,65,63,63,65,63,63,65,63,63,63,62,62,62,63,62,62,62,63,63,64,63,65,63,63,60,63,62,62,62,63,62,62,62,63,62,63,63,63,63,63,62,63,63,62,63,62,62,63,63,63,66,65,62,63,63,63,63,62,62,62,63,63,65,65,63,63,66,66,63,66,65,63,63,65,65,63,61,62,62,65,66,66,67,68,63,63,63,63,66,66,67,66,65,66,65,66,65,65,65,66,63,65,66,66,66,66,63,62,63,62,63,65,66,65,63,63,65,65,65,65,65,63,65,65,63,66,63,62,62,65,66,68,66,68,67,68,67,69,71,74,76,78,81,82,84,87,95,101,102,106,109,116,120,121,121,128,137,147,156,164,174,189,199,209,227,243,253,258,263,272,279,285,290,297,307,312,318,323,328,327,316,308,289,267,240,214,194,176,160,146,133,121,113,104,97,91,87,86,81,78,77,76,74,74,72,72,70,70,69,71,70,70,70,70,69,67,67,68,67,67,68,67,68,67,66,66,66,65,65,63,63,63,61,63,65,63,63,63,63,66,66,65,67,66,66,63,65,63,63,63,65,66,66,66,65,63,63,63,63,63,63,65,65,65,66,66,65,66,63,65,67,68,67,67,66,63,63,63,63,63,63,63,62,65,66,66,66,65,63,63,65,63,65,66,67,67,67,66,65,63,63,62,67,66,65,63,63,65,63,65,65,63,63,63,65,66,63,63,63,63,66,68,68,67,63,66,66,66,65,66,66,63,65,66,68,67,63,65,66,66,66,67,66,66,65,67,67,66,66,65,63,66,66,66,66,65,62,62,62,63,61,62,63,63,63,63,63,62,63,63,63,63,63,63,63,62,63,65,63,62,63,63,67,66,65,63,64,65,65,63,63,63,63,63,62,62,63,63,65,63,63,63,63,65,66,66,66,67,66,63,66,65,66,66,63,63,62,63,62,63,66,66,67,63,65,65,65,63,63,63,63,63,65,65,65,63,66,66,66,63,63,63,65,66,66,62,63,63,65,65,66,65,65,62,63,63,63,63,65,66,65,66,65,65,63,61,60,63,63,63,65,63,63,65,63,66,65,66,63,63,62,63,63,62,62,62,62,65,65,65,63,63,63,66,67,65,63,63,63,63,65,66,66,67,66,67,66,63,62,62,65,65,66,65,63,62,61,63,63,63,63,63,62,65
9295111,9,1657455139,45612.497,9.495623,0.573561,12.91,-999,-999,-999,9.495623,0.573564,17.62,-1.87,-1.42,-1.12,-0.82,-0.52,-0.3,-0.07,0.15,0.38,0.6,0.9,1.12,1.42,1.72,2.09,2.47,2.84,3.44,3.59,3.74,3.96,4.26,4.71,187.69,4.267,7736.09,-999,1,1,1,114.7864,114.7864,0,114.7864,-5.118333333,18.70277778,101.8764,9,63,66,68,65,63,63,66,65,63,62,63,66,67,68,66,62,66,66,65,62,61,62,63,66,63,63,65,65,65,65,66,65,63,65,63,66,65,65,66,65,62,67,66,66,63,63,63,66,66,65,62,65,65,65,63,65,65,66,63,63,63,63,65,66,65,63,63,63,63,63,65,62,66,67,68,68,67,68,66,66,63,65,65,62,63,66,66,66,63,67,68,66,63,63,63,65,63,63,63,63,63,65,62,61,60,59,63,66,66,65,65,65,65,66,65,63,62,62,63,63,63,63,63,66,66,68,66,63,65,63,65,65,63,66,67,67,65,65,65,66,66,67,67,66,63,65,66,66,67,67,65,66,66,66,66,65,66,65,65,63,63,63,65,66,66,65,65,63,63,64,63,65,67,68,66,63,63,63,62,62,62,62,62,62,63,63,66,63,62,65,63,63,62,63,63,67,68,69,66,63,63,63,63,65,62,63,63,65,63,63,63,63,63,67,67,66,65,67,66,63,65,63,63,65,63,65,63,66,68,69,68,66,63,63,62,62,62,63,62,62,62,63,62,63,63,63,63,63,62,63,66,63,63,63,63,66,63,65,63,63,62,63,63,65,63,63,63,63,63,66,63,62,61,65,64,66,63,63,63,63,63,63,65,66,65,65,66,66,65,66,66,63,63,66,63,65,65,63,63,66,65,66,66,63,65,63,63,63,63,66,67,67,67,66,63,63,63,63,63,65,63,66,66,63,65,65,65,65,63,65,66,63,63,63,63,64,63,65,65,66,67,66,65,63,63,62,63,65,65,67,66,63,62,63,63,63,63,65,63,63,62,65,67,67,63,67,69,68,63,65,63,63,63,63,63,63,63,63,63,63,63,66,67,63,63,63,63,65,65,66,63,65,65,66,66,66,67,66,63,63,63,63,63,62,63,65,66,65,65,63,63,63,63,63,63,62,63,66,66,66,63,63,65,63,63,67,69,70,67,65,65,63,63,63,65,66,65,65,65,62,63,63,66,66,66,66,66,63,63,63,63,65,65,63,65,65,65,66,63,62,61,63,63,63,63,63,63,61,62,63,68,67,65,63,63,63,63,65,66,66,65,67,65,67,66,65,66,67,67,67,66,63,63,62,65,65,67,67,65,63,63,65,65,66,65,63,63,67,65,63,63,63,63,63,63,62,65,65,67,68,67,66,66,65,62,62,62,62,63,63,63,66,66,66,66,66,68,67,66,66,63,65,65,62,62,65,65,66,65,67,67,66,66,66,66,62,65,63,65,63,65,63,63,63,62,63,65,65,66,66,63,62,63,65,63,63,62,63,63,63,63,63,63,63,63,66,63,65,63,65,65,63,63,66,67,68,66,63,62,65,63,65,65,63,63,65,66,66,63,63,63,63,62,63,63,63,63,65,65,65,63,63,63,66,63,63,63,63,66,65,66,66,65,65,66,67,68,68,67,63,65,65,62,63,67,68,67,66,65,70,71,75,78,81,86,92,98,105,114,122,130,139,144,151,156,163,170,174,176,180,182,188,189,191,194,198,206,214,220,228,238,244,251,256,253,246,233,214,194,174,158,146,135,129,118,110,102,97,92,87,82,79,76,76,75,77,76,75,75,73,72,69,67,69,68,68,66,66,66,67,63,62,63,65,66,63,66,63,65,65,66,68,66,68,65,63,63,66,65,63,63,65,63,63,65,66,67,68,68,67,66,67,68,68,66,67,65,63,62,63,63,63,66,68,67,67,63,63,63,65,65,66,63,62,61,62,62,66,67,68,67,66,66,65,63,67,63,63,63,66,67,67,65,63,62,65,63,65,66,65,65,66,66,66,62,65,63,65,65,65,66,66,66,67,63,63,63,62,65,63,63,65,66,67,66,68,67,67,67,67,66,65,63,62,66,63,63,65,65,63,65,63,65,66,66,66,65,66,66,66,63,62,62,63,63,63,62,62,63,66,65,62,65,66,63,65,63,66,66,66,67,66,63,63,63,63,63,65,66,65,63,63,63,65,65,66,63,65,65,66,66,63,61,63,63,65,65,66,63,63,65,65,63,63,63,63,66,67,65,66,65,63,63,66,63,63,63,66,66,63,63,63,62,63,63,63,63,63,63,63,65,63,63,67,66,65,63,65,65,66,67,65,65,67,66,66,65,66,66,67,62,63,63,65,66,66,65,66,67,67,66,63,63,63,63,66,63,63,63,63,63,66,63,62,63,66,63,65,63,62,63,63,62,63,63,63,65,66,65,63,63,62,62,63,63,63,62,62,63,63,63,63,63,63,63,65,66,66,65,67,63,63,63,65,65,63,63,63,63,67,65,63,63,63
9295112,10,1657455139,45612.498,9.495623,0.573655,12.74,-999,-999,-999,9.495624,0.573659,18.27,-1.72,-1.27,-0.97,-0.67,-0.45,-0.15,0.07,0.3,0.6,0.82,1.12,1.42,1.72,2.09,2.39,2.77,3.21,3.81,3.96,4.11,4.41,4.71,5.53,187.81,4.19,7737.28,-999,1,1,1,113.72707,113.72707,0,113.72707,-5.051666667,19.38055556,100.98707,10,63,63,63,63,63,62,63,66,68,69,67,66,67,66,66,63,66,67,66,63,62,63,63,63,62,63,63,63,63,63,65,65,62,63,63,63,63,63,63,62,62,61,63,63,62,65,65,65,65,67,66,62,63,63,63,63,63,63,63,66,65,65,66,66,63,65,66,63,63,63,63,63,63,63,65,63,65,63,63,65,65,65,65,66,65,63,63,65,66,67,66,66,63,65,63,65,63,66,65,62,63,65,66,65,63,65,63,62,61,62,63,63,62,63,63,63,62,62,63,63,65,63,63,65,63,63,65,62,65,63,63,63,63,65,65,67,66,68,67,68,63,63,63,63,63,67,66,66,65,63,67,67,67,67,65,63,63,63,66,67,66,66,66,65,63,63,65,62,62,63,63,63,63,62,63,63,63,66,65,66,67,67,67,67,66,66,66,65,66,65,63,62,65,65,65,63,65,66,67,67,66,63,63,63,63,65,63,66,65,68,66,65,63,63,63,63,62,63,63,63,63,65,66,63,63,67,67,66,63,65,65,65,66,65,63,63,63,65,63,65,66,66,66,66,65,66,65,67,67,68,67,66,65,66,69,68,67,66,66,66,63,62,66,66,65,65,63,63,63,63,63,65,65,65,66,66,65,65,66,67,66,65,63,63,63,65,63,63,63,66,65,65,65,65,66,66,67,67,66,65,65,63,63,65,66,65,65,63,65,66,68,67,65,66,63,65,63,63,65,66,65,65,66,66,66,66,63,63,63,63,65,63,63,67,67,68,66,67,65,65,66,65,66,66,66,67,66,66,66,66,66,63,65,63,67,66,65,68,66,65,63,65,66,66,68,63,66,66,66,65,65,63,63,63,62,63,62,62,63,65,65,65,66,65,63,63,63,62,63,63,63,62,63,62,63,62,62,62,63,63,63,67,65,63,63,66,66,65,65,66,66,63,62,62,63,63,62,63,62,63,63,63,63,66,65,66,65,62,63,63,62,62,65,67,65,62,63,63,62,63,65,65,66,63,63,65,66,66,63,63,63,62,62,63,65,66,66,66,65,63,63,62,63,63,61,61,60,63,66,66,66,66,65,65,65,66,62,63,63,63,63,66,66,63,63,63,65,66,63,65,63,65,63,65,66,66,63,65,65,65,65,63,66,67,66,65,63,63,62,63,62,63,63,65,65,66,63,63,65,64,63,66,67,63,62,63,63,65,63,65,65,66,66,66,68,67,66,66,66,66,62,66,65,63,66,68,67,66,63,66,65,63,63,63,63,63,63,65,63,63,62,65,63,63,63,63,63,65,63,63,63,63,63,63,63,63,63,65,65,66,65,62,66,63,63,65,65,66,65,66,65,65,65,66,66,63,63,62,65,63,63,66,63,63,63,63,63,63,65,65,63,65,63,63,65,65,63,65,63,62,63,63,65,65,63,63,63,62,62,66,65,66,66,69,71,70,68,70,70,72,71,76,77,78,82,90,99,108,121,135,154,177,196,213,231,250,266,279,284,289,291,294,295,292,292,291,289,289,291,296,304,322,345,373,397,417,426,423,408,384,355,327,295,267,241,217,196,177,157,140,126,117,108,105,99,95,90,88,83,82,79,78,79,76,74,74,72,71,72,71,68,70,71,70,70,68,68,68,68,69,65,67,68,67,66,67,65,66,67,66,66,66,65,65,63,63,63,65,63,63,63,63,63,63,63,63,63,66,63,63,63,63,63,63,66,67,67,62,65,63,63,63,66,66,65,62,62,63,63,63,63,62,63,63,63,63,63,66,68,66,67,65,63,63,63,67,66,66,67,68,68,65,66,65,63,63,63,66,66,66,63,63,63,65,63,63,63,65,66,67,67,66,63,66,67,66,63,63,63,65,65,63,63,65,63,63,63,63,63,67,66,66,65,66,65,66,65,63,67,65,63,63,63,63,65,66,67,63,62,63,63,65,65,63,63,62,63,63,65,66,66,66,66,65,65,67,65,63,63,63,63,63,63,63,63,63,63,63,63,65,62,63,63,62,62,63,66,65,66,65,63,63,62,62,63,65,65,63,62,62,62,65,66,63,63,63,65,62,63,62,63,63,63,66,66,63,62,62,65,65,63,63,63,63,63,63,63,63,63,66,65,63,63,63,63,63,65,63,63,63,63,62,63,62,65,63,63,63,63,65,65,64,63,63,63,63,63,63,63,63,63,63,63,63,63,63,62,63,63,63,63,63,63,63,65,63,62,63,63,63,65,63,63,63,63,63,63,63,63,63,63,63,63,63,63,63,63,63,63,61,62,62,62,60,62,62,63,63,62,62,63,62,63,62,63,63,63,62,63,63,63,63,63,62
9295113,11,1657455139,45612.499,9.495624,0.57375,12.67,-999,-999,-999,9.495625,0.573754,18.43,-1.87,-1.42,-1.05,-0.75,-0.52,-0.22,0,0.22,0.52,0.75,1.05,1.35,1.72,2.09,2.47,2.92,3.36,4.04,4.19,4.41,4.63,5.01,5.76,187.94,4.114,7736.07,-999,1,1,1,112.320984,112.320984,-1.42E-14,112.320984,-5.253333333,19.55777778,99.650984,11,65,62,67,66,63,63,63,63,66,66,66,66,65,63,65,63,62,63,63,65,62,66,66,66,65,66,66,63,63,67,67,67,66,65,63,63,63,63,63,63,63,63,63,63,63,66,65,63,62,66,63,63,63,63,63,63,65,67,67,67,65,63,63,63,63,65,63,63,63,65,62,63,63,66,66,66,63,65,66,66,66,63,63,63,65,66,65,67,65,63,63,63,63,63,66,67,65,65,65,63,63,66,66,66,63,63,63,63,63,63,63,63,63,65,65,67,63,66,66,66,66,68,66,65,62,65,67,65,63,63,66,66,63,63,66,63,63,63,65,65,63,63,63,63,62,63,65,63,63,65,68,67,66,63,63,63,63,65,66,63,62,63,62,63,63,63,63,66,65,65,66,63,63,65,63,63,63,65,66,63,63,63,63,65,63,63,63,65,65,65,65,65,66,65,66,65,63,65,65,63,63,63,66,68,68,68,66,63,63,63,65,63,65,66,65,63,63,63,63,65,63,63,65,66,65,63,65,63,63,65,65,66,63,63,63,65,66,63,65,63,63,63,63,65,62,63,63,63,63,63,63,65,65,63,66,63,66,66,67,63,65,63,63,63,63,63,63,65,63,63,63,62,62,63,63,66,63,63,63,63,63,67,66,63,63,63,66,66,63,65,65,66,65,63,63,63,62,62,63,65,66,66,63,63,63,65,63,65,63,63,65,63,63,63,63,63,62,63,63,65,63,63,63,63,65,67,67,66,65,66,65,63,62,66,67,65,63,63,62,62,63,63,63,63,66,68,67,66,66,66,65,63,61,62,62,63,62,61,63,64,66,67,65,63,63,66,63,67,65,63,63,62,63,63,65,65,63,63,63,63,63,62,62,62,62,63,63,65,63,65,63,63,63,63,66,65,65,63,63,65,63,63,63,63,63,65,63,63,62,63,66,67,66,67,65,65,67,67,66,66,65,66,66,63,63,63,63,65,65,64,63,63,63,63,65,65,65,63,65,63,63,62,65,63,63,66,65,65,65,65,63,63,63,66,63,66,67,63,65,62,61,62,63,66,66,65,65,65,65,66,66,63,62,63,63,63,65,66,65,63,63,65,63,63,63,63,63,65,63,65,63,63,67,65,65,65,65,66,63,63,63,65,63,63,63,65,66,66,63,63,63,63,65,66,65,63,62,63,63,66,65,66,66,67,67,66,65,65,63,65,65,63,63,63,62,63,62,63,67,66,66,65,63,63,62,62,63,62,63,66,65,65,63,66,66,66,63,63,63,65,66,66,66,63,63,65,65,66,63,66,65,65,63,63,62,66,66,65,65,63,63,63,65,66,63,65,65,65,65,65,63,65,63,63,63,63,63,65,66,66,65,66,66,64,63,65,66,63,63,63,62,62,63,66,63,63,62,65,66,67,69,67,68,67,66,68,68,70,71,74,76,83,90,97,104,114,128,143,160,178,196,210,223,242,257,269,274,277,279,286,292,298,301,305,310,319,325,330,337,345,357,380,412,442,468,496,521,534,526,505,473,438,403,365,325,289,256,230,204,182,161,145,133,125,118,112,106,103,98,95,93,90,87,84,82,79,78,79,78,79,78,78,74,72,70,70,70,69,70,73,73,72,68,66,66,68,69,70,66,65,65,67,66,65,63,63,63,63,63,65,66,65,65,66,66,66,63,65,66,65,62,62,63,66,67,66,63,63,63,66,66,68,67,63,62,63,62,63,65,65,63,63,63,63,63,63,63,63,63,67,67,66,63,66,65,66,65,65,66,63,63,63,63,63,63,67,65,63,65,63,63,63,63,63,63,63,61,62,62,62,62,63,63,63,63,68,65,67,67,69,66,63,62,62,62,63,63,66,63,65,65,65,63,65,63,63,63,66,65,65,63,63,65,65,63,62,62,63,63,63,63,63,63,66,66,67,66,67,63,63,62,63,62,63,65,63,63,66,65,65,62,63,65,63,63,67,68,67,65,63,63,63,65,63,62,61,62,63,63,65,63,63,63,63,63,63,63,63,63,63,63,65,63,68,67,63,63,65,63,63,63,66,62,62,61,63,65,66,63,63,63,63,62,63,62,63,62,63,63,62,63,63,66,66,66,66,65,63,66,63,63,63,63,62,63,63,63,63,66,65,63,63,63,65,63,65,65,63,63,63,62,62,63,63,63,63,63,65,66,67,66,62,63,63,62,63,63,63,63,67,67,66,63,63,66,67,66,66,66,63,63,65,63,61,62,62,63,61,61,63,65,65,65,65,63,63,63,62,62,63,63,63,63,63,62,63,65,66,63,65,63,63,63,63,63,63,63,65,64,66,65,63,63,64
